0xb3ED7395b13De6E83AdE1E6800186b3Ff91994d2,0xC02aaA39b223FE8D0A0e5C4F27eAD9083C756Cc2,0xC02aaA39b223FE8D0A0e5C4F27eAD9083C756Cc2
0x0dda5c21a5acf8A427a896F574C321Cd01075F31,0xC02aaA39b223FE8D0A0e5C4F27eAD9083C756Cc2,0xC02aaA39b223FE8D0A0e5C4F27eAD9083C756Cc2
0x5bd87d6dB08607284a762D36FC81B4B93fFce040,0xC02aaA39b223FE8D0A0e5C4F27eAD9083C756Cc2,0xC02aaA39b223FE8D0A0e5C4F27eAD9083C756Cc2
0xa54c1441D9218A44CABf09A6C05Efe745107ec8A,0xC02aaA39b223FE8D0A0e5C4F27eAD9083C756Cc2,0xC02aaA39b223FE8D0A0e5C4F27eAD9083C756Cc2
0x6346044f8368A32680BeD4cB61453F904Cc38908,0xC02aaA39b223FE8D0A0e5C4F27eAD9083C756Cc2,0xC02aaA39b223FE8D0A0e5C4F27eAD9083C756Cc2
0x440B650ff04FB7349AdBCaD59fa6f72Ab149FfA5,0xC02aaA39b223FE8D0A0e5C4F27eAD9083C756Cc2,0xC02aaA39b223FE8D0A0e5C4F27eAD9083C756Cc2
0xbC25D882D4bA96579cd33544200F87001ea304F3,0xC02aaA39b223FE8D0A0e5C4F27eAD9083C756Cc2,0xC02aaA39b223FE8D0A0e5C4F27eAD9083C756Cc2
0x5B631Af188aAa6F52bb0505648A2C560F6e85267,0xC02aaA39b223FE8D0A0e5C4F27eAD9083C756Cc2,0xC02aaA39b223FE8D0A0e5C4F27eAD9083C756Cc2
0x9B4bd9b2e3E2146B4dE061aB84D27a4355dB15c9,0xC02aaA39b223FE8D0A0e5C4F27eAD9083C756Cc2,0xC02aaA39b223FE8D0A0e5C4F27eAD9083C756Cc2
0xdCEeD9F150E2EaC6dc091d541eE95F7a70aBB533,0xC02aaA39b223FE8D0A0e5C4F27eAD9083C756Cc2,0xC02aaA39b223FE8D0A0e5C4F27eAD9083C756Cc2
0x7d9Da1ae6e870066a80938442B0Db49289Ad8FC4,0xC02aaA39b223FE8D0A0e5C4F27eAD9083C756Cc2,0xC02aaA39b223FE8D0A0e5C4F27eAD9083C756Cc2
0x955eaa1F7ff7000B343Fb61A3519b8cc345ae1cd,0xC02aaA39b223FE8D0A0e5C4F27eAD9083C756Cc2,0xC02aaA39b223FE8D0A0e5C4F27eAD9083C756Cc2
0x735f5a08563b290CcB0cA4dA7c45E521b9D20A3E,0xC02aaA39b223FE8D0A0e5C4F27eAD9083C756Cc2,0xC02aaA39b223FE8D0A0e5C4F27eAD9083C756Cc2
0xd94185Ec21138C3C35ad15159c1FeaE0708048c6,0xC02aaA39b223FE8D0A0e5C4F27eAD9083C756Cc2,0xC02aaA39b223FE8D0A0e5C4F27eAD9083C756Cc2
0x0Df120bBad2BD9829233725e134669623c8Dd250,0xC02aaA39b223FE8D0A0e5C4F27eAD9083C756Cc2,0xC02aaA39b223FE8D0A0e5C4F27eAD9083C756Cc2
0x366C0b10E7438a606Ce797E757257FdC7164C637,0xC02aaA39b223FE8D0A0e5C4F27eAD9083C756Cc2,0xC02aaA39b223FE8D0A0e5C4F27eAD9083C756Cc2
0x37FA9ACF7d756d12Ac238b14985aA2378aacaB89,0xC02aaA39b223FE8D0A0e5C4F27eAD9083C756Cc2,0xC02aaA39b223FE8D0A0e5C4F27eAD9083C756Cc2
0x53138eD9996129607f62BBc0D71362AB31B42566,0xC02aaA39b223FE8D0A0e5C4F27eAD9083C756Cc2,0xC02aaA39b223FE8D0A0e5C4F27eAD9083C756Cc2
0xdAbbcBdF9A821EdaD3D51295d25654CC2652101A,0xC02aaA39b223FE8D0A0e5C4F27eAD9083C756Cc2,0xC02aaA39b223FE8D0A0e5C4F27eAD9083C756Cc2
0xcC7EC680E1F0F488066246A4D22c67C89dF574Fe,0xC02aaA39b223FE8D0A0e5C4F27eAD9083C756Cc2,0xC02aaA39b223FE8D0A0e5C4F27eAD9083C756Cc2
0xea6e6a1675466E4Cf26871b7f5F7E9C4a829E07f,0xC02aaA39b223FE8D0A0e5C4F27eAD9083C756Cc2,0xC02aaA39b223FE8D0A0e5C4F27eAD9083C756Cc2
0xe6aD75cBEF5230d39aD902EEB68933Eaf9525fa9,0xC02aaA39b223FE8D0A0e5C4F27eAD9083C756Cc2,0xC02aaA39b223FE8D0A0e5C4F27eAD9083C756Cc2
0xd7bE6c7c25eA8E5858aB97e35a239ba8800eBB61,0xC02aaA39b223FE8D0A0e5C4F27eAD9083C756Cc2,0xC02aaA39b223FE8D0A0e5C4F27eAD9083C756Cc2
0xf85b7386A22509d80b286B474bE7a527e574bf1F,0xC02aaA39b223FE8D0A0e5C4F27eAD9083C756Cc2,0xC02aaA39b223FE8D0A0e5C4F27eAD9083C756Cc2
0x540D9DDdFb7D863F74cD0dF26871b3EA18F0c826,0xC02aaA39b223FE8D0A0e5C4F27eAD9083C756Cc2,0xC02aaA39b223FE8D0A0e5C4F27eAD9083C756Cc2
0x91aDBC4DD036856C05C94c5b56A7AFBD99900228,0xC02aaA39b223FE8D0A0e5C4F27eAD9083C756Cc2,0xC02aaA39b223FE8D0A0e5C4F27eAD9083C756Cc2
0xa10c546128e92BbcfBa341AEb65fAE417cdc272a,0xC02aaA39b223FE8D0A0e5C4F27eAD9083C756Cc2,0xC02aaA39b223FE8D0A0e5C4F27eAD9083C756Cc2
0x140082D50879C32399C576B92d419d55fCC9688F,0xC02aaA39b223FE8D0A0e5C4F27eAD9083C756Cc2,0xC02aaA39b223FE8D0A0e5C4F27eAD9083C756Cc2
0xD3FfA3A3d4294Ef45eC2392E2DC2A40ba611105a,0xC02aaA39b223FE8D0A0e5C4F27eAD9083C756Cc2,0xC02aaA39b223FE8D0A0e5C4F27eAD9083C756Cc2
0xc046f40c35a67f3aee2BFd9fB48BBc8E53c6e1B9,0xC02aaA39b223FE8D0A0e5C4F27eAD9083C756Cc2,0xC02aaA39b223FE8D0A0e5C4F27eAD9083C756Cc2
0x28E60AD1c793B1870276C08553e46310008Ff0e6,0xC02aaA39b223FE8D0A0e5C4F27eAD9083C756Cc2,0xC02aaA39b223FE8D0A0e5C4F27eAD9083C756Cc2
0x8Bfcf8Fb9Fdcec9C1857486C06c708908A354080,0xC02aaA39b223FE8D0A0e5C4F27eAD9083C756Cc2,0xC02aaA39b223FE8D0A0e5C4F27eAD9083C756Cc2
0x88E0591f80FdcfABAd6B4A2AeFAA2addddF53c67,0xC02aaA39b223FE8D0A0e5C4F27eAD9083C756Cc2,0xC02aaA39b223FE8D0A0e5C4F27eAD9083C756Cc2
0x5C56CcF3eF4229BA91949392bc01B93c839fd102,0xC02aaA39b223FE8D0A0e5C4F27eAD9083C756Cc2,0xC02aaA39b223FE8D0A0e5C4F27eAD9083C756Cc2
0x611D56bB1EbD8095c631B00b9FbFb78178d379fe,0xC02aaA39b223FE8D0A0e5C4F27eAD9083C756Cc2,0xC02aaA39b223FE8D0A0e5C4F27eAD9083C756Cc2
0x2f6a7f510BE5F12969aAAa2BcC494391d704879d,0xC02aaA39b223FE8D0A0e5C4F27eAD9083C756Cc2,0xC02aaA39b223FE8D0A0e5C4F27eAD9083C756Cc2
0x920910789645b98D8114786E21C8F2823fCdEB14,0xC02aaA39b223FE8D0A0e5C4F27eAD9083C756Cc2,0xC02aaA39b223FE8D0A0e5C4F27eAD9083C756Cc2
0x351301F4d1dc3cfD4304c59eccad5643253A8eBb,0xC02aaA39b223FE8D0A0e5C4F27eAD9083C756Cc2,0xC02aaA39b223FE8D0A0e5C4F27eAD9083C756Cc2
0x6b6eB2CA45827E3d15b5bc05cf8155e5f6E48dF4,0xC02aaA39b223FE8D0A0e5C4F27eAD9083C756Cc2,0xC02aaA39b223FE8D0A0e5C4F27eAD9083C756Cc2
0x6612c6e7Ca425E26A651DbD0fB0b9e8dd06a8904,0xC02aaA39b223FE8D0A0e5C4F27eAD9083C756Cc2,0xC02aaA39b223FE8D0A0e5C4F27eAD9083C756Cc2
0xe83970C67f8a05e5F84FA4A8C44E28428b5eC7fD,0xC02aaA39b223FE8D0A0e5C4F27eAD9083C756Cc2,0xC02aaA39b223FE8D0A0e5C4F27eAD9083C756Cc2
0x1CaEF023C0eBC8c2dc00f7A97999d0890E9D1ffc,0xC02aaA39b223FE8D0A0e5C4F27eAD9083C756Cc2,0xC02aaA39b223FE8D0A0e5C4F27eAD9083C756Cc2
0xeE617C5362Ef8Be323c35A933713Ff9243BbA00F,0xC02aaA39b223FE8D0A0e5C4F27eAD9083C756Cc2,0xC02aaA39b223FE8D0A0e5C4F27eAD9083C756Cc2
0x26b3f381Df715F22150d1B45A6f7884125463D87,0xC02aaA39b223FE8D0A0e5C4F27eAD9083C756Cc2,0xC02aaA39b223FE8D0A0e5C4F27eAD9083C756Cc2
0x16d0eF5290d3070719b65FFD2254d423E6C71754,0xC02aaA39b223FE8D0A0e5C4F27eAD9083C756Cc2,0xC02aaA39b223FE8D0A0e5C4F27eAD9083C756Cc2
0x7cEF196C0D20E35c38dE83478a8912243DCd0a14,0xC02aaA39b223FE8D0A0e5C4F27eAD9083C756Cc2,0xC02aaA39b223FE8D0A0e5C4F27eAD9083C756Cc2
0x997418D692dC5721aC0166b55800E1F06ce91aB0,0xC02aaA39b223FE8D0A0e5C4F27eAD9083C756Cc2,0xC02aaA39b223FE8D0A0e5C4F27eAD9083C756Cc2
0xdB7262EF1a7297517068864970f711f1B6dF811A,0xC02aaA39b223FE8D0A0e5C4F27eAD9083C756Cc2,0xC02aaA39b223FE8D0A0e5C4F27eAD9083C756Cc2
0x7bD944802fD4ba21DF6465d02e1D32DCAB84fb73,0xC02aaA39b223FE8D0A0e5C4F27eAD9083C756Cc2,0xC02aaA39b223FE8D0A0e5C4F27eAD9083C756Cc2
0x1F134d2aa34f474aEF69311240Da2B4D71aB03e6,0xC02aaA39b223FE8D0A0e5C4F27eAD9083C756Cc2,0xC02aaA39b223FE8D0A0e5C4F27eAD9083C756Cc2
0x4518a6D80cFc0Df3bc18dCf32aa2F6d90ED965b0,0xC02aaA39b223FE8D0A0e5C4F27eAD9083C756Cc2,0xC02aaA39b223FE8D0A0e5C4F27eAD9083C756Cc2
0xe8B31ddA11b0a4BA5fe6036D58174579ab592fdF,0xC02aaA39b223FE8D0A0e5C4F27eAD9083C756Cc2,0xC02aaA39b223FE8D0A0e5C4F27eAD9083C756Cc2
0xC1b910022aD2733591b3dAbf43c55466a4C5D771,0xC02aaA39b223FE8D0A0e5C4F27eAD9083C756Cc2,0xC02aaA39b223FE8D0A0e5C4F27eAD9083C756Cc2
0xB342Da04fC397DB73e2CB89063bE519eBf8Df6ED,0xC02aaA39b223FE8D0A0e5C4F27eAD9083C756Cc2,0xC02aaA39b223FE8D0A0e5C4F27eAD9083C756Cc2
0xE5c4f797457fA0ecc41942BE57fA27f2F02334b9,0xC02aaA39b223FE8D0A0e5C4F27eAD9083C756Cc2,0xC02aaA39b223FE8D0A0e5C4F27eAD9083C756Cc2
0x13A1a01e8873271292E31B9702f29e315F648fF9,0xC02aaA39b223FE8D0A0e5C4F27eAD9083C756Cc2,0xC02aaA39b223FE8D0A0e5C4F27eAD9083C756Cc2
0x8AED61D77029aBe9EE595c65C62aC953dfdE9De7,0xC02aaA39b223FE8D0A0e5C4F27eAD9083C756Cc2,0xC02aaA39b223FE8D0A0e5C4F27eAD9083C756Cc2
0x444Bb369c4C1077c88a8F94c67d10Fb1bF8b2789,0xC02aaA39b223FE8D0A0e5C4F27eAD9083C756Cc2,0xC02aaA39b223FE8D0A0e5C4F27eAD9083C756Cc2
0x6DE0Fb0cD61a2D9e0cdE9C9ed07Bb4515bfc21ea,0xC02aaA39b223FE8D0A0e5C4F27eAD9083C756Cc2,0xC02aaA39b223FE8D0A0e5C4F27eAD9083C756Cc2
0x9FC2168cd5cAAf582C711805851E801b23fe1AdA,0xC02aaA39b223FE8D0A0e5C4F27eAD9083C756Cc2,0xC02aaA39b223FE8D0A0e5C4F27eAD9083C756Cc2
0x9d5522a29d9D652140b275473C5f2f67C9905FDA,0xC02aaA39b223FE8D0A0e5C4F27eAD9083C756Cc2,0xC02aaA39b223FE8D0A0e5C4F27eAD9083C756Cc2
0xFa7149817935CBCD296f62Cbe2DcdEE1649D1Af9,0xC02aaA39b223FE8D0A0e5C4F27eAD9083C756Cc2,0xC02aaA39b223FE8D0A0e5C4F27eAD9083C756Cc2
